451,bengals
451,cat
452,beavers
452,live
452,salt
452,water
453,hunger
454,parkinson
454,disease
455,whan
455,jackie
455,robinson
455,appear
455,first
455,game
456,world
456,going
456,to
456,end
456,2000
457,chevrolet
457,trucks
458,fasting
459,lender
459,foreclose
459,property
460,was
460,moses
461,lava
461,lamps
462,real
462,estate
462,jersey
463,tartin
464,nativity
464,scenes
465,deer
466,information
466,about
466,peer
466,gynt
466,suite
467,dachshund
467,dachshunds
467,wiener
467,dog
468,incandescent
468,light
468,bulb
469,steinbach
469,nutcracker
470,mistletoe
471,mexican
471,food
471,culture
472,antique
472,appliance
472,restoration
473,toronto
473,film
473,awards
474,how
474,e
474,mail
474,bennefits
474,businesses
475,compostion
475,zirconium
476,jennifer
476,aniston
477,royal
477,carribean
477,cruise
477,lines
478,baltimore
479,find
479,information
479,about
479,kappa
479,alpha
479,psi
480,car
480,traffic
480,report
481,babe
481,ruth
481,1920
482,find
482,growth
482,rates
482,pine
482,tree
483,rosebowl
483,parade
484,auto
484,skoda
485,gps
485,clock
486,dorado
486,casino
486,reno
487,angioplasty
488,newport
488,beach
488,california
489,calcium
490,motorcycle
490,safety
490,helmets
491,japanese
491,wave
492,us
492,savings
492,bonds
493,retire
494,nirvana
495,find
495,information
495,decade
495,1920
496,tmj
497,orchids
498,hair
498,transplant
499,pool
499,cue
500,dna
500,testing
501,deduction
501,induction
501,english
502,prime
502,factor
503,vikings
503,scotland
504,information
504,manatees
504,eat
505,edmund
505,hillary
505,sir
506,history
506,skateboarding
507,dodge
507,recalls
508,hair
508,loss
508,symptom
508,diseases
509,steroids
509,body
510,information
510,j
510,robert
510,oppenheimer
511,diseases
511,caused
511,smoking
512,tornadoes
512,formed
513,earthquakes
514,money
514,retirement
515,alexander
515,graham
515,bell
516,halloween
517,titanic
517,went
517,wrong
518,statistics
518,aid
518,decision
518,making
519,info
519,frogs
519,live
520,black
520,plague
520,stopped
521,surveys
521,best
521,places
521,live
522,water
522,supplied
522,mojave
522,desert
522,region
523,facts
523,five
523,main
523,clouds
524,erase
524,scar
525,water
525,atmosphere
526,bmi
527,info
527,booker
527,t
527,washington
528,hygrometer
528,measure
528,humidity
528,atmosphere
529,history
529,cambodia
530,pheromone
530,scents
530,work
531,who
531,whom
532,hypnosis
533,school
533,uniforms
533,public
533,schools
534,artists
534,died
534,1700
534,s
535,canadian
535,building
535,codes
536,babies
536,eat
536,honey
537,sun
537,beds
537,safe
538,fha
539,authors
539,suffered
539,depression
540,stress
540,cause
540,obesity
541,instruments
541,forecast
541,weather
542,good
542,things
542,fire
542,environment
543,radiography
543,risks
544,estrogen
544,needed
545,extent
545,did
545,peter
545,great
545,reform
545,russia
546,recycle
546,cans
547,camels
547,domesticated
548,solar
548,heat
548,heat
548,pool
549,cancer
549,related
549,cell
549,reproduction
550,volcanoes
550,made
